ID,description,longitude,latitude,imgp,imgc,imgo,imgf,imgg,icon
1,生科草坪,116.313664,39.99243,figure/taxa/1_L2_phylum.png,figure/taxa/1_L3_class.png,figure/taxa/1_L4_order.png,figure/taxa/1_L4_order.png,figure/taxa/1_L5_family.png,figure/taxa/1_L6_genus.png
10,三教,116.313518,39.9893,figure/taxa/10_L2_phylum.png,figure/taxa/10_L3_class.png,figure/taxa/10_L4_order.png,figure/taxa/10_L4_order.png,figure/taxa/10_L5_family.png,figure/taxa/10_L6_genus.png
11,燕园大厦,116.314498,39.98775,figure/taxa/11_L2_phylum.png,figure/taxa/11_L3_class.png,figure/taxa/11_L4_order.png,figure/taxa/11_L4_order.png,figure/taxa/11_L5_family.png,figure/taxa/11_L6_genus.png
12,邱德拔,116.314556,39.98891,figure/taxa/12_L2_phylum.png,figure/taxa/12_L3_class.png,figure/taxa/12_L4_order.png,figure/taxa/12_L4_order.png,figure/taxa/12_L5_family.png,figure/taxa/12_L6_genus.png
13,五四运动场,116.313498,39.98799,figure/taxa/13_L2_phylum.png,figure/taxa/13_L3_class.png,figure/taxa/13_L4_order.png,figure/taxa/13_L4_order.png,figure/taxa/13_L5_family.png,figure/taxa/13_L6_genus.png
14,对外汉语教育学院,116.311582,39.98797,figure/taxa/14_L2_phylum.png,figure/taxa/14_L3_class.png,figure/taxa/14_L4_order.png,figure/taxa/14_L4_order.png,figure/taxa/14_L5_family.png,figure/taxa/14_L6_genus.png
16,农园,116.312125,39.98933,figure/taxa/16_L2_phylum.png,figure/taxa/16_L3_class.png,figure/taxa/16_L4_order.png,figure/taxa/16_L4_order.png,figure/taxa/16_L5_family.png,figure/taxa/16_L6_genus.png
17,燕南园,116.310233,39.99068,figure/taxa/17_L2_phylum.png,figure/taxa/17_L3_class.png,figure/taxa/17_L4_order.png,figure/taxa/17_L4_order.png,figure/taxa/17_L5_family.png,figure/taxa/17_L6_genus.png
18,光华管理学院,116.311313,39.99054,figure/taxa/18_L2_phylum.png,figure/taxa/18_L3_class.png,figure/taxa/18_L4_order.png,figure/taxa/18_L4_order.png,figure/taxa/18_L5_family.png,figure/taxa/18_L6_genus.png
19,地学楼,116.311801,39.99194,figure/taxa/19_L2_phylum.png,figure/taxa/19_L3_class.png,figure/taxa/19_L4_order.png,figure/taxa/19_L4_order.png,figure/taxa/19_L5_family.png,figure/taxa/19_L6_genus.png
2,东侧门,116.315041,39.99293,figure/taxa/2_L2_phylum.png,figure/taxa/2_L3_class.png,figure/taxa/2_L4_order.png,figure/taxa/2_L4_order.png,figure/taxa/2_L5_family.png,figure/taxa/2_L6_genus.png
20,图书馆,116.310716,39.99188,figure/taxa/20_L2_phylum.png,figure/taxa/20_L3_class.png,figure/taxa/20_L4_order.png,figure/taxa/20_L4_order.png,figure/taxa/20_L5_family.png,figure/taxa/20_L6_genus.png
21-1,一教,116.310148,39.99256,figure/taxa/21-1_L2_phylum.png,figure/taxa/21-1_L3_class.png,figure/taxa/21-1_L4_order.png,figure/taxa/21-1_L4_order.png,figure/taxa/21-1_L5_family.png,figure/taxa/21-1_L6_genus.png
21-2,百周年纪念讲堂,116.31058,39.9899,figure/taxa/21-2_L2_phylum.png,figure/taxa/21-2_L3_class.png,figure/taxa/21-2_L4_order.png,figure/taxa/21-2_L4_order.png,figure/taxa/21-2_L5_family.png,figure/taxa/21-2_L6_genus.png
23-1,教育学院,116.311572,39.98891,figure/taxa/23-1_L2_phylum.png,figure/taxa/23-1_L3_class.png,figure/taxa/23-1_L4_order.png,figure/taxa/23-1_L4_order.png,figure/taxa/23-1_L5_family.png,figure/taxa/23-1_L6_genus.png
23-2,38-39宿舍区,116.308488,39.98728,figure/taxa/23-2_L2_phylum.png,figure/taxa/23-2_L3_class.png,figure/taxa/23-2_L4_order.png,figure/taxa/23-2_L4_order.png,figure/taxa/23-2_L5_family.png,figure/taxa/23-2_L6_genus.png
24,文明科学雕塑,116.309732,39.98827,figure/taxa/24_L2_phylum.png,figure/taxa/24_L3_class.png,figure/taxa/24_L4_order.png,figure/taxa/24_L4_order.png,figure/taxa/24_L5_family.png,figure/taxa/24_L6_genus.png
25,学一,116.307826,39.98734,figure/taxa/25_L2_phylum.png,figure/taxa/25_L3_class.png,figure/taxa/25_L4_order.png,figure/taxa/25_L4_order.png,figure/taxa/25_L5_family.png,figure/taxa/25_L6_genus.png
27,燕南园中间,116.309413,39.98967,figure/taxa/27_L2_phylum.png,figure/taxa/27_L3_class.png,figure/taxa/27_L4_order.png,figure/taxa/27_L4_order.png,figure/taxa/27_L5_family.png,figure/taxa/27_L6_genus.png
28,学五草坪,116.3073,39.98895,figure/taxa/28_L2_phylum.png,figure/taxa/28_L3_class.png,figure/taxa/28_L4_order.png,figure/taxa/28_L4_order.png,figure/taxa/28_L5_family.png,figure/taxa/28_L6_genus.png
3,东门侧边,116.315221,39.99188,figure/taxa/3_L2_phylum.png,figure/taxa/3_L3_class.png,figure/taxa/3_L4_order.png,figure/taxa/3_L4_order.png,figure/taxa/3_L5_family.png,figure/taxa/3_L6_genus.png
30,静园草坪,116.308293,39.99174,figure/taxa/30_L2_phylum.png,figure/taxa/30_L3_class.png,figure/taxa/30_L4_order.png,figure/taxa/30_L4_order.png,figure/taxa/30_L5_family.png,figure/taxa/30_L6_genus.png
34,勺园,116.306253,39.99172,figure/taxa/34_L2_phylum.png,figure/taxa/34_L3_class.png,figure/taxa/34_L4_order.png,figure/taxa/34_L4_order.png,figure/taxa/34_L5_family.png,figure/taxa/34_L6_genus.png
35,佟园,116.306919,39.99111,figure/taxa/35_L2_phylum.png,figure/taxa/35_L3_class.png,figure/taxa/35_L4_order.png,figure/taxa/35_L4_order.png,figure/taxa/35_L5_family.png,figure/taxa/35_L6_genus.png
37,燕南园北侧,116.309241,39.99021,figure/taxa/37_L2_phylum.png,figure/taxa/37_L3_class.png,figure/taxa/37_L4_order.png,figure/taxa/37_L4_order.png,figure/taxa/37_L5_family.png,figure/taxa/37_L6_genus.png
38,45甲乙,116.30636,39.98986,figure/taxa/38_L2_phylum.png,figure/taxa/38_L3_class.png,figure/taxa/38_L4_order.png,figure/taxa/38_L4_order.png,figure/taxa/38_L5_family.png,figure/taxa/38_L6_genus.png
39,46-47宿舍区,116.306118,39.98861,figure/taxa/39_L2_phylum.png,figure/taxa/39_L3_class.png,figure/taxa/39_L4_order.png,figure/taxa/39_L4_order.png,figure/taxa/39_L5_family.png,figure/taxa/39_L6_genus.png
4,理教后门,116.313616,39.99169,figure/taxa/4_L2_phylum.png,figure/taxa/4_L3_class.png,figure/taxa/4_L4_order.png,figure/taxa/4_L4_order.png,figure/taxa/4_L5_family.png,figure/taxa/4_L6_genus.png
40,艺园,116.313509,39.99086,figure/taxa/40_L2_phylum.png,figure/taxa/40_L3_class.png,figure/taxa/40_L4_order.png,figure/taxa/40_L4_order.png,figure/taxa/40_L5_family.png,figure/taxa/40_L6_genus.png
43,阿卜杜勒阿齐兹图书馆,116.309511,39.99269,figure/taxa/43_L2_phylum.png,figure/taxa/43_L3_class.png,figure/taxa/43_L4_order.png,figure/taxa/43_L4_order.png,figure/taxa/43_L5_family.png,figure/taxa/43_L6_genus.png
44,生物标本馆,116.311606,39.99282,figure/taxa/44_L2_phylum.png,figure/taxa/44_L3_class.png,figure/taxa/44_L4_order.png,figure/taxa/44_L4_order.png,figure/taxa/44_L5_family.png,figure/taxa/44_L6_genus.png
46,燕南园南侧,116.308421,39.98923,figure/taxa/46_L2_phylum.png,figure/taxa/46_L3_class.png,figure/taxa/46_L4_order.png,figure/taxa/46_L4_order.png,figure/taxa/46_L5_family.png,figure/taxa/46_L6_genus.png
6,英杰交流中心,116.313953,39.99052,figure/taxa/6_L2_phylum.png,figure/taxa/6_L3_class.png,figure/taxa/6_L4_order.png,figure/taxa/6_L4_order.png,figure/taxa/6_L5_family.png,figure/taxa/6_L6_genus.png
7,理科二号楼,116.314386,39.99089,figure/taxa/7_L2_phylum.png,figure/taxa/7_L3_class.png,figure/taxa/7_L4_order.png,figure/taxa/7_L4_order.png,figure/taxa/7_L5_family.png,figure/taxa/7_L6_genus.png
8,二教,116.312905,39.98972,figure/taxa/8_L2_phylum.png,figure/taxa/8_L3_class.png,figure/taxa/8_L4_order.png,figure/taxa/8_L4_order.png,figure/taxa/8_L5_family.png,figure/taxa/8_L6_genus.png
CY1,葛利普墓，西门附近墓碑,116.305332,39.993746,figure/taxa/CY1_L2_phylum.png,figure/taxa/CY1_L3_class.png,figure/taxa/CY1_L4_order.png,figure/taxa/CY1_L4_order.png,figure/taxa/CY1_L5_family.png,figure/taxa/CY1_L6_genus.png
CY15,元培学院附近李大钊像,116.30817,39.992896,figure/taxa/CY15_L2_phylum.png,figure/taxa/CY15_L3_class.png,figure/taxa/CY15_L4_order.png,figure/taxa/CY15_L4_order.png,figure/taxa/CY15_L5_family.png,figure/taxa/CY15_L6_genus.png
CY16,办公楼附近蔡元培像,116.307366,39.994335,figure/taxa/CY16_L2_phylum.png,figure/taxa/CY16_L3_class.png,figure/taxa/CY16_L4_order.png,figure/taxa/CY16_L4_order.png,figure/taxa/CY16_L5_family.png,figure/taxa/CY16_L6_genus.png
CY17,未名湖西岸石碑,116.308011,39.994562,figure/taxa/CY17_L2_phylum.png,figure/taxa/CY17_L3_class.png,figure/taxa/CY17_L4_order.png,figure/taxa/CY17_L4_order.png,figure/taxa/CY17_L5_family.png,figure/taxa/CY17_L6_genus.png
CY18,未名湖南石墩，花神庙,116.309982,39.994087,figure/taxa/CY18_L2_phylum.png,figure/taxa/CY18_L3_class.png,figure/taxa/CY18_L4_order.png,figure/taxa/CY18_L4_order.png,figure/taxa/CY18_L5_family.png,figure/taxa/CY18_L6_genus.png
CY19,博雅塔下石碑,116.311841,39.993963,figure/taxa/CY19_L2_phylum.png,figure/taxa/CY19_L3_class.png,figure/taxa/CY19_L4_order.png,figure/taxa/CY19_L4_order.png,figure/taxa/CY19_L5_family.png,figure/taxa/CY19_L6_genus.png
CY2,西南联大纪念碑，西门附近石碑,116.305272,39.99372,figure/taxa/CY2_L2_phylum.png,figure/taxa/CY2_L3_class.png,figure/taxa/CY2_L4_order.png,figure/taxa/CY2_L4_order.png,figure/taxa/CY2_L5_family.png,figure/taxa/CY2_L6_genus.png
CY3,校史馆馆前台阶,116.306078,39.993284,figure/taxa/CY3_L2_phylum.png,figure/taxa/CY3_L3_class.png,figure/taxa/CY3_L4_order.png,figure/taxa/CY3_L4_order.png,figure/taxa/CY3_L5_family.png,figure/taxa/CY3_L6_genus.png
CY35,西门校友桥桥梁栏杆,116.30506,39.994592,figure/taxa/CY35_L2_phylum.png,figure/taxa/CY35_L3_class.png,figure/taxa/CY35_L4_order.png,figure/taxa/CY35_L4_order.png,figure/taxa/CY35_L5_family.png,figure/taxa/CY35_L6_genus.png
CY36,西门华表栏杆,116.305477,39.994523,figure/taxa/CY36_L2_phylum.png,figure/taxa/CY36_L3_class.png,figure/taxa/CY36_L4_order.png,figure/taxa/CY36_L4_order.png,figure/taxa/CY36_L5_family.png,figure/taxa/CY36_L6_genus.png
CY4,塞万提斯像,116.305998,39.992798,figure/taxa/CY4_L2_phylum.png,figure/taxa/CY4_L3_class.png,figure/taxa/CY4_L4_order.png,figure/taxa/CY4_L4_order.png,figure/taxa/CY4_L5_family.png,figure/taxa/CY4_L6_genus.png
CY40,李兆基人文学苑石刻,116.311648,39.996653,figure/taxa/CY40_L2_phylum.png,figure/taxa/CY40_L3_class.png,figure/taxa/CY40_L4_order.png,figure/taxa/CY40_L4_order.png,figure/taxa/CY40_L5_family.png,figure/taxa/CY40_L6_genus.png
CY41,科维理研究所我ai北大天文,116.310766,39.999196,figure/taxa/CY41_L2_phylum.png,figure/taxa/CY41_L3_class.png,figure/taxa/CY41_L4_order.png,figure/taxa/CY41_L4_order.png,figure/taxa/CY41_L5_family.png,figure/taxa/CY41_L6_genus.png
CY48,经济学院综合楼石刻,116.312876,39.996839,figure/taxa/CY48_L2_phylum.png,figure/taxa/CY48_L3_class.png,figure/taxa/CY48_L4_order.png,figure/taxa/CY48_L4_order.png,figure/taxa/CY48_L5_family.png,figure/taxa/CY48_L6_genus.png
CY49,教育基金会石狮,116.310393,39.996922,figure/taxa/CY49_L2_phylum.png,figure/taxa/CY49_L3_class.png,figure/taxa/CY49_L4_order.png,figure/taxa/CY49_L4_order.png,figure/taxa/CY49_L5_family.png,figure/taxa/CY49_L6_genus.png
CY50,郎润园无名桥桥梁栏杆,116.310716,39.997667,figure/taxa/CY50_L2_phylum.png,figure/taxa/CY50_L3_class.png,figure/taxa/CY50_L4_order.png,figure/taxa/CY50_L4_order.png,figure/taxa/CY50_L5_family.png,figure/taxa/CY50_L6_genus.png
CY51,房地产管理部消防器材存放柜,116.306859,39.987361,figure/taxa/CY51_L2_phylum.png,figure/taxa/CY51_L3_class.png,figure/taxa/CY51_L4_order.png,figure/taxa/CY51_L4_order.png,figure/taxa/CY51_L5_family.png,figure/taxa/CY51_L6_genus.png
FXY-1,北京市海淀区・北京大学,116.306911,39.993337,figure/taxa/FXY-1_L2_phylum.png,figure/taxa/FXY-1_L3_class.png,figure/taxa/FXY-1_L4_order.png,figure/taxa/FXY-1_L4_order.png,figure/taxa/FXY-1_L5_family.png,figure/taxa/FXY-1_L6_genus.png
FXY-2,北京市海淀区・北京大学,116.307031,39.992562,figure/taxa/FXY-2_L2_phylum.png,figure/taxa/FXY-2_L3_class.png,figure/taxa/FXY-2_L4_order.png,figure/taxa/FXY-2_L4_order.png,figure/taxa/FXY-2_L5_family.png,figure/taxa/FXY-2_L6_genus.png
JMq-1,北京市海淀区・北京大学,116.305711,39.996772,figure/taxa/JMq-1_L2_phylum.png,figure/taxa/JMq-1_L3_class.png,figure/taxa/JMq-1_L4_order.png,figure/taxa/JMq-1_L4_order.png,figure/taxa/JMq-1_L5_family.png,figure/taxa/JMq-1_L6_genus.png
JMq-2,北京市海淀区・北京大学历史学系,116.304935,39.996253,figure/taxa/JMq-2_L2_phylum.png,figure/taxa/JMq-2_L3_class.png,figure/taxa/JMq-2_L4_order.png,figure/taxa/JMq-2_L4_order.png,figure/taxa/JMq-2_L5_family.png,figure/taxa/JMq-2_L6_genus.png
JMq-3,北京市海淀区・北京大学历史学系,116.304602,39.995812,figure/taxa/JMq-3_L2_phylum.png,figure/taxa/JMq-3_L3_class.png,figure/taxa/JMq-3_L4_order.png,figure/taxa/JMq-3_L4_order.png,figure/taxa/JMq-3_L5_family.png,figure/taxa/JMq-3_L6_genus.png
JMq-4,北京市海淀区・北京大学,116.304684,39.99531,figure/taxa/JMq-4_L2_phylum.png,figure/taxa/JMq-4_L3_class.png,figure/taxa/JMq-4_L4_order.png,figure/taxa/JMq-4_L4_order.png,figure/taxa/JMq-4_L5_family.png,figure/taxa/JMq-4_L6_genus.png
JMQS-1,北京市海淀区・北京大学,116.305204,39.997122,figure/taxa/JMQS-1_L2_phylum.png,figure/taxa/JMQS-1_L3_class.png,figure/taxa/JMQS-1_L4_order.png,figure/taxa/JMQS-1_L4_order.png,figure/taxa/JMQS-1_L5_family.png,figure/taxa/JMQS-1_L6_genus.png
JMQS-2,北京市海淀区・北京大学,116.304863,39.99519,figure/taxa/JMQS-2_L2_phylum.png,figure/taxa/JMQS-2_L3_class.png,figure/taxa/JMQS-2_L4_order.png,figure/taxa/JMQS-2_L4_order.png,figure/taxa/JMQS-2_L5_family.png,figure/taxa/JMQS-2_L6_genus.png
S-1,北京市海淀区・北京大学,116.300674,39.995168,figure/taxa/S-1_L2_phylum.png,figure/taxa/S-1_L3_class.png,figure/taxa/S-1_L4_order.png,figure/taxa/S-1_L4_order.png,figure/taxa/S-1_L5_family.png,figure/taxa/S-1_L6_genus.png
S-2,北京市海淀区・北京大学生物技术楼,116.29944,39.995267,figure/taxa/S-2_L2_phylum.png,figure/taxa/S-2_L3_class.png,figure/taxa/S-2_L4_order.png,figure/taxa/S-2_L4_order.png,figure/taxa/S-2_L5_family.png,figure/taxa/S-2_L6_genus.png
WMH-1,北京市海淀区・北京大学,116.304358,39.992688,figure/taxa/WMH-1_L2_phylum.png,figure/taxa/WMH-1_L3_class.png,figure/taxa/WMH-1_L4_order.png,figure/taxa/WMH-1_L4_order.png,figure/taxa/WMH-1_L5_family.png,figure/taxa/WMH-1_L6_genus.png
WMH-10,北京市海淀区・北京大学,116.302013,39.993689,figure/taxa/WMH-10_L2_phylum.png,figure/taxa/WMH-10_L3_class.png,figure/taxa/WMH-10_L4_order.png,figure/taxa/WMH-10_L4_order.png,figure/taxa/WMH-10_L5_family.png,figure/taxa/WMH-10_L6_genus.png
WMH-11,北京市海淀区・北京大学,116.301462,39.993832,figure/taxa/WMH-11_L2_phylum.png,figure/taxa/WMH-11_L3_class.png,figure/taxa/WMH-11_L4_order.png,figure/taxa/WMH-11_L4_order.png,figure/taxa/WMH-11_L5_family.png,figure/taxa/WMH-11_L6_genus.png
WMH-12,北京市海淀区・北京大学办公楼,116.300601,39.993718,figure/taxa/WMH-12_L2_phylum.png,figure/taxa/WMH-12_L3_class.png,figure/taxa/WMH-12_L4_order.png,figure/taxa/WMH-12_L4_order.png,figure/taxa/WMH-12_L5_family.png,figure/taxa/WMH-12_L6_genus.png
WMH-13,北京市海淀区・北京大学办公楼,116.300263,39.994213,figure/taxa/WMH-13_L2_phylum.png,figure/taxa/WMH-13_L3_class.png,figure/taxa/WMH-13_L4_order.png,figure/taxa/WMH-13_L4_order.png,figure/taxa/WMH-13_L5_family.png,figure/taxa/WMH-13_L6_genus.png
WMH-14,北京市海淀区・北京大学,116.300463,39.994678,figure/taxa/WMH-14_L2_phylum.png,figure/taxa/WMH-14_L3_class.png,figure/taxa/WMH-14_L4_order.png,figure/taxa/WMH-14_L4_order.png,figure/taxa/WMH-14_L5_family.png,figure/taxa/WMH-14_L6_genus.png
WMH-15,北京市海淀区・北京大学,116.300806,39.995007,figure/taxa/WMH-15_L2_phylum.png,figure/taxa/WMH-15_L3_class.png,figure/taxa/WMH-15_L4_order.png,figure/taxa/WMH-15_L4_order.png,figure/taxa/WMH-15_L5_family.png,figure/taxa/WMH-15_L6_genus.png
WMH-16,北京市海淀区・北京大学,116.301097,39.995205,figure/taxa/WMH-16_L2_phylum.png,figure/taxa/WMH-16_L3_class.png,figure/taxa/WMH-16_L4_order.png,figure/taxa/WMH-16_L4_order.png,figure/taxa/WMH-16_L5_family.png,figure/taxa/WMH-16_L6_genus.png
WMH-17,北京市海淀区・北京大学生物技术楼,116.299891,39.994902,figure/taxa/WMH-17_L2_phylum.png,figure/taxa/WMH-17_L3_class.png,figure/taxa/WMH-17_L4_order.png,figure/taxa/WMH-17_L4_order.png,figure/taxa/WMH-17_L5_family.png,figure/taxa/WMH-17_L6_genus.png
WMH-18,北京市海淀区・北京大学生物技术楼,116.299329,39.995212,figure/taxa/WMH-18_L2_phylum.png,figure/taxa/WMH-18_L3_class.png,figure/taxa/WMH-18_L4_order.png,figure/taxa/WMH-18_L4_order.png,figure/taxa/WMH-18_L5_family.png,figure/taxa/WMH-18_L6_genus.png
WMH-19,北京市海淀区・北京大学生物技术楼,116.299042,39.99447,figure/taxa/WMH-19_L2_phylum.png,figure/taxa/WMH-19_L3_class.png,figure/taxa/WMH-19_L4_order.png,figure/taxa/WMH-19_L4_order.png,figure/taxa/WMH-19_L5_family.png,figure/taxa/WMH-19_L6_genus.png
WMH-2,北京市海淀区・北京大学,116.305315,39.992659,figure/taxa/WMH-2_L2_phylum.png,figure/taxa/WMH-2_L3_class.png,figure/taxa/WMH-2_L4_order.png,figure/taxa/WMH-2_L4_order.png,figure/taxa/WMH-2_L5_family.png,figure/taxa/WMH-2_L6_genus.png
WMH-20,北京市海淀区・北京大学,116.298587,39.994352,figure/taxa/WMH-20_L2_phylum.png,figure/taxa/WMH-20_L3_class.png,figure/taxa/WMH-20_L4_order.png,figure/taxa/WMH-20_L4_order.png,figure/taxa/WMH-20_L5_family.png,figure/taxa/WMH-20_L6_genus.png
WMH-21,北京市海淀区・北京大学,116.298707,39.993622,figure/taxa/WMH-21_L2_phylum.png,figure/taxa/WMH-21_L3_class.png,figure/taxa/WMH-21_L4_order.png,figure/taxa/WMH-21_L4_order.png,figure/taxa/WMH-21_L5_family.png,figure/taxa/WMH-21_L6_genus.png
WMH-22,北京市海淀区・北京大学,116.299043,39.992399,figure/taxa/WMH-22_L2_phylum.png,figure/taxa/WMH-22_L3_class.png,figure/taxa/WMH-22_L4_order.png,figure/taxa/WMH-22_L4_order.png,figure/taxa/WMH-22_L5_family.png,figure/taxa/WMH-22_L6_genus.png
WMH-23,北京市海淀区・北京大学,116.299593,39.991991,figure/taxa/WMH-23_L2_phylum.png,figure/taxa/WMH-23_L3_class.png,figure/taxa/WMH-23_L4_order.png,figure/taxa/WMH-23_L4_order.png,figure/taxa/WMH-23_L5_family.png,figure/taxa/WMH-23_L6_genus.png
WMH-24,北京市海淀区・北京大学,116.301761,39.991597,figure/taxa/WMH-24_L2_phylum.png,figure/taxa/WMH-24_L3_class.png,figure/taxa/WMH-24_L4_order.png,figure/taxa/WMH-24_L4_order.png,figure/taxa/WMH-24_L5_family.png,figure/taxa/WMH-24_L6_genus.png
WMH-25,北京市海淀区・北京大学,116.302035,39.990768,figure/taxa/WMH-25_L2_phylum.png,figure/taxa/WMH-25_L3_class.png,figure/taxa/WMH-25_L4_order.png,figure/taxa/WMH-25_L4_order.png,figure/taxa/WMH-25_L5_family.png,figure/taxa/WMH-25_L6_genus.png
WMH-3,北京市海淀区・北京大学,116.304784,39.994424,figure/taxa/WMH-3_L2_phylum.png,figure/taxa/WMH-3_L3_class.png,figure/taxa/WMH-3_L4_order.png,figure/taxa/WMH-3_L4_order.png,figure/taxa/WMH-3_L5_family.png,figure/taxa/WMH-3_L6_genus.png
WMH-4,北京市海淀区・北京大学,116.303947,39.994356,figure/taxa/WMH-4_L2_phylum.png,figure/taxa/WMH-4_L3_class.png,figure/taxa/WMH-4_L4_order.png,figure/taxa/WMH-4_L4_order.png,figure/taxa/WMH-4_L5_family.png,figure/taxa/WMH-4_L6_genus.png
WMH-5,北京市海淀区・北京大学,116.303072,39.9941,figure/taxa/WMH-5_L2_phylum.png,figure/taxa/WMH-5_L3_class.png,figure/taxa/WMH-5_L4_order.png,figure/taxa/WMH-5_L4_order.png,figure/taxa/WMH-5_L5_family.png,figure/taxa/WMH-5_L6_genus.png
WMH-6,北京市海淀区・北京大学,116.303116,39.993519,figure/taxa/WMH-6_L2_phylum.png,figure/taxa/WMH-6_L3_class.png,figure/taxa/WMH-6_L4_order.png,figure/taxa/WMH-6_L4_order.png,figure/taxa/WMH-6_L5_family.png,figure/taxa/WMH-6_L6_genus.png
WMH-7,北京市海淀区・北京大学,116.302894,39.993424,figure/taxa/WMH-7_L2_phylum.png,figure/taxa/WMH-7_L3_class.png,figure/taxa/WMH-7_L4_order.png,figure/taxa/WMH-7_L4_order.png,figure/taxa/WMH-7_L5_family.png,figure/taxa/WMH-7_L6_genus.png
WMH-8,北京市海淀区・北京大学,116.302786,39.993441,figure/taxa/WMH-8_L2_phylum.png,figure/taxa/WMH-8_L3_class.png,figure/taxa/WMH-8_L4_order.png,figure/taxa/WMH-8_L4_order.png,figure/taxa/WMH-8_L5_family.png,figure/taxa/WMH-8_L6_genus.png
WMH-9,北京市海淀区・北京大学,116.302735,39.993927,figure/taxa/WMH-9_L2_phylum.png,figure/taxa/WMH-9_L3_class.png,figure/taxa/WMH-9_L4_order.png,figure/taxa/WMH-9_L4_order.png,figure/taxa/WMH-9_L5_family.png,figure/taxa/WMH-9_L6_genus.png
WMHS-1,北京市海淀区・北京大学,116.304236,39.992934,figure/taxa/WMHS-1_L2_phylum.png,figure/taxa/WMHS-1_L3_class.png,figure/taxa/WMHS-1_L4_order.png,figure/taxa/WMHS-1_L4_order.png,figure/taxa/WMHS-1_L5_family.png,figure/taxa/WMHS-1_L6_genus.png
WMHS-2,北京市海淀区・北京大学,116.304096,39.994264,figure/taxa/WMHS-2_L2_phylum.png,figure/taxa/WMHS-2_L3_class.png,figure/taxa/WMHS-2_L4_order.png,figure/taxa/WMHS-2_L4_order.png,figure/taxa/WMHS-2_L5_family.png,figure/taxa/WMHS-2_L6_genus.png
WSQ20,遥感楼门牌,116.312674,39.993197,figure/taxa/WSQ20_L2_phylum.png,figure/taxa/WSQ20_L3_class.png,figure/taxa/WSQ20_L4_order.png,figure/taxa/WSQ20_L4_order.png,figure/taxa/WSQ20_L5_family.png,figure/taxa/WSQ20_L6_genus.png
WSQ21,吕志和楼瑞幸咖啡窗户,116.313178,39.992291,figure/taxa/WSQ21_L2_phylum.png,figure/taxa/WSQ21_L3_class.png,figure/taxa/WSQ21_L4_order.png,figure/taxa/WSQ21_L4_order.png,figure/taxa/WSQ21_L5_family.png,figure/taxa/WSQ21_L6_genus.png
WSQ22,地学楼教室讲台,116.311874,39.991727,figure/taxa/WSQ22_L2_phylum.png,figure/taxa/WSQ22_L3_class.png,figure/taxa/WSQ22_L4_order.png,figure/taxa/WSQ22_L4_order.png,figure/taxa/WSQ22_L5_family.png,figure/taxa/WSQ22_L6_genus.png
WSQ23,光华管理学院1号楼寄存柜按钮,116.312224,39.990713,figure/taxa/WSQ23_L2_phylum.png,figure/taxa/WSQ23_L3_class.png,figure/taxa/WSQ23_L4_order.png,figure/taxa/WSQ23_L4_order.png,figure/taxa/WSQ23_L5_family.png,figure/taxa/WSQ23_L6_genus.png
WSQ24,理科教学楼（黄廷方楼）一楼圆凳,116.312943,39.991456,figure/taxa/WSQ24_L2_phylum.png,figure/taxa/WSQ24_L3_class.png,figure/taxa/WSQ24_L4_order.png,figure/taxa/WSQ24_L4_order.png,figure/taxa/WSQ24_L5_family.png,figure/taxa/WSQ24_L6_genus.png
WSQ25,第二教学楼自助售货机把手,116.313147,39.989452,figure/taxa/WSQ25_L2_phylum.png,figure/taxa/WSQ25_L3_class.png,figure/taxa/WSQ25_L4_order.png,figure/taxa/WSQ25_L4_order.png,figure/taxa/WSQ25_L5_family.png,figure/taxa/WSQ25_L6_genus.png
WSQ27,邱德拔体育馆西门柱子,116.315103,39.988655,figure/taxa/WSQ27_L2_phylum.png,figure/taxa/WSQ27_L3_class.png,figure/taxa/WSQ27_L4_order.png,figure/taxa/WSQ27_L4_order.png,figure/taxa/WSQ27_L5_family.png,figure/taxa/WSQ27_L6_genus.png
WSQ28,英杰交流中心玻璃门,116.313876,39.990738,figure/taxa/WSQ28_L2_phylum.png,figure/taxa/WSQ28_L3_class.png,figure/taxa/WSQ28_L4_order.png,figure/taxa/WSQ28_L4_order.png,figure/taxa/WSQ28_L5_family.png,figure/taxa/WSQ28_L6_genus.png
WSQ29,理科三号楼东门重点实验室牌子,116.314545,39.991664,figure/taxa/WSQ29_L2_phylum.png,figure/taxa/WSQ29_L3_class.png,figure/taxa/WSQ29_L4_order.png,figure/taxa/WSQ29_L4_order.png,figure/taxa/WSQ29_L5_family.png,figure/taxa/WSQ29_L6_genus.png
WSQ30,金光生命科学大楼南门柱子,116.314486,39.992452,figure/taxa/WSQ30_L2_phylum.png,figure/taxa/WSQ30_L3_class.png,figure/taxa/WSQ30_L4_order.png,figure/taxa/WSQ30_L4_order.png,figure/taxa/WSQ30_L5_family.png,figure/taxa/WSQ30_L6_genus.png
WSQ31,环境科学与工程学院室外圆桌,116.314722,39.994581,figure/taxa/WSQ31_L2_phylum.png,figure/taxa/WSQ31_L3_class.png,figure/taxa/WSQ31_L4_order.png,figure/taxa/WSQ31_L4_order.png,figure/taxa/WSQ31_L5_family.png,figure/taxa/WSQ31_L6_genus.png
WSQ32,法学院I love law 立牌,116.313506,39.994473,figure/taxa/WSQ32_L2_phylum.png,figure/taxa/WSQ32_L3_class.png,figure/taxa/WSQ32_L4_order.png,figure/taxa/WSQ32_L4_order.png,figure/taxa/WSQ32_L5_family.png,figure/taxa/WSQ32_L6_genus.png
WSQ33,樱树林飞人雕像立柱,116.313115,39.994867,figure/taxa/WSQ33_L2_phylum.png,figure/taxa/WSQ33_L3_class.png,figure/taxa/WSQ33_L4_order.png,figure/taxa/WSQ33_L4_order.png,figure/taxa/WSQ33_L5_family.png,figure/taxa/WSQ33_L6_genus.png
WSQ34,东操场小足球门,116.313214,39.987912,figure/taxa/WSQ34_L2_phylum.png,figure/taxa/WSQ34_L3_class.png,figure/taxa/WSQ34_L4_order.png,figure/taxa/WSQ34_L4_order.png,figure/taxa/WSQ34_L5_family.png,figure/taxa/WSQ34_L6_genus.png
WSQ42,王克桢楼南门柱子,116.314897,39.986922,figure/taxa/WSQ42_L2_phylum.png,figure/taxa/WSQ42_L3_class.png,figure/taxa/WSQ42_L4_order.png,figure/taxa/WSQ42_L4_order.png,figure/taxa/WSQ42_L5_family.png,figure/taxa/WSQ42_L6_genus.png
WSQ43,理科5号楼马寅初雕像,116.314694,39.989891,figure/taxa/WSQ43_L2_phylum.png,figure/taxa/WSQ43_L3_class.png,figure/taxa/WSQ43_L4_order.png,figure/taxa/WSQ43_L4_order.png,figure/taxa/WSQ43_L5_family.png,figure/taxa/WSQ43_L6_genus.png
WSQ44,光华管理学院2号楼西门把手,116.313287,39.99555,figure/taxa/WSQ44_L2_phylum.png,figure/taxa/WSQ44_L3_class.png,figure/taxa/WSQ44_L4_order.png,figure/taxa/WSQ44_L4_order.png,figure/taxa/WSQ44_L5_family.png,figure/taxa/WSQ44_L6_genus.png
WYXY-1,北京市海淀区・北京大学,116.306445,39.996181,figure/taxa/WYXY-1_L2_phylum.png,figure/taxa/WYXY-1_L3_class.png,figure/taxa/WYXY-1_L4_order.png,figure/taxa/WYXY-1_L4_order.png,figure/taxa/WYXY-1_L5_family.png,figure/taxa/WYXY-1_L6_genus.png
XW10,30楼秋千,116.309363,39.988086,figure/taxa/XW10_L2_phylum.png,figure/taxa/XW10_L3_class.png,figure/taxa/XW10_L4_order.png,figure/taxa/XW10_L4_order.png,figure/taxa/XW10_L5_family.png,figure/taxa/XW10_L6_genus.png
XW11,新太阳学生中心一层桌面,116.311164,39.98888,figure/taxa/XW11_L2_phylum.png,figure/taxa/XW11_L3_class.png,figure/taxa/XW11_L4_order.png,figure/taxa/XW11_L4_order.png,figure/taxa/XW11_L5_family.png,figure/taxa/XW11_L6_genus.png
XW12,百周年纪念讲堂南侧广告牌,116.310755,39.989626,figure/taxa/XW12_L2_phylum.png,figure/taxa/XW12_L3_class.png,figure/taxa/XW12_L4_order.png,figure/taxa/XW12_L4_order.png,figure/taxa/XW12_L5_family.png,figure/taxa/XW12_L6_genus.png
XW13,图书馆闸机,116.309972,39.991902,figure/taxa/XW13_L2_phylum.png,figure/taxa/XW13_L3_class.png,figure/taxa/XW13_L4_order.png,figure/taxa/XW13_L4_order.png,figure/taxa/XW13_L5_family.png,figure/taxa/XW13_L6_genus.png
XW14,革命烈士纪念碑,116.308191,39.992156,figure/taxa/XW14_L2_phylum.png,figure/taxa/XW14_L3_class.png,figure/taxa/XW14_L4_order.png,figure/taxa/XW14_L4_order.png,figure/taxa/XW14_L5_family.png,figure/taxa/XW14_L6_genus.png
XW37,快递服务中心快递柜,116.310593,39.986624,figure/taxa/XW37_L2_phylum.png,figure/taxa/XW37_L3_class.png,figure/taxa/XW37_L4_order.png,figure/taxa/XW37_L4_order.png,figure/taxa/XW37_L5_family.png,figure/taxa/XW37_L6_genus.png
XW38,正大国际中心西侧正门,116.306125,39.990605,figure/taxa/XW38_L2_phylum.png,figure/taxa/XW38_L3_class.png,figure/taxa/XW38_L4_order.png,figure/taxa/XW38_L4_order.png,figure/taxa/XW38_L5_family.png,figure/taxa/XW38_L6_genus.png
XW39,燕南园工学院石碑,116.308314,39.98945,figure/taxa/XW39_L2_phylum.png,figure/taxa/XW39_L3_class.png,figure/taxa/XW39_L4_order.png,figure/taxa/XW39_L4_order.png,figure/taxa/XW39_L5_family.png,figure/taxa/XW39_L6_genus.png
XW40,二体东篮球场西侧物品存放柜柜门,116.308631,39.990695,figure/taxa/XW40_L2_phylum.png,figure/taxa/XW40_L3_class.png,figure/taxa/XW40_L4_order.png,figure/taxa/XW40_L4_order.png,figure/taxa/XW40_L5_family.png,figure/taxa/XW40_L6_genus.png
XW45,五四体育场西侧塑胶跑道,116.312769,39.987684,figure/taxa/XW45_L2_phylum.png,figure/taxa/XW45_L3_class.png,figure/taxa/XW45_L4_order.png,figure/taxa/XW45_L4_order.png,figure/taxa/XW45_L5_family.png,figure/taxa/XW45_L6_genus.png
XW46,学一食堂东区大理石桌面,116.308133,39.987526,figure/taxa/XW46_L2_phylum.png,figure/taxa/XW46_L3_class.png,figure/taxa/XW46_L4_order.png,figure/taxa/XW46_L4_order.png,figure/taxa/XW46_L5_family.png,figure/taxa/XW46_L6_genus.png
XW5,勺园学生宿舍，家@勺园立牌,116.30622,39.991711,figure/taxa/XW5_L2_phylum.png,figure/taxa/XW5_L3_class.png,figure/taxa/XW5_L4_order.png,figure/taxa/XW5_L4_order.png,figure/taxa/XW5_L5_family.png,figure/taxa/XW5_L6_genus.png
XW6,国际关系学院字碑,116.306559,39.991417,figure/taxa/XW6_L2_phylum.png,figure/taxa/XW6_L3_class.png,figure/taxa/XW6_L4_order.png,figure/taxa/XW6_L4_order.png,figure/taxa/XW6_L5_family.png,figure/taxa/XW6_L6_genus.png
XW7,佟园食堂门把手,116.306746,39.990992,figure/taxa/XW7_L2_phylum.png,figure/taxa/XW7_L3_class.png,figure/taxa/XW7_L4_order.png,figure/taxa/XW7_L4_order.png,figure/taxa/XW7_L5_family.png,figure/taxa/XW7_L6_genus.png
XW8,46楼自行车维修点集装箱,116.305717,39.98878,figure/taxa/XW8_L2_phylum.png,figure/taxa/XW8_L3_class.png,figure/taxa/XW8_L4_order.png,figure/taxa/XW8_L4_order.png,figure/taxa/XW8_L5_family.png,figure/taxa/XW8_L6_genus.png
XW9,家园食堂二层凳子,116.308154,39.98849,figure/taxa/XW9_L2_phylum.png,figure/taxa/XW9_L3_class.png,figure/taxa/XW9_L4_order.png,figure/taxa/XW9_L4_order.png,figure/taxa/XW9_L5_family.png,figure/taxa/XW9_L6_genus.png
XYY-1,北京市海淀区・北京大学,116.307237,39.995182,figure/taxa/XYY-1_L2_phylum.png,figure/taxa/XYY-1_L3_class.png,figure/taxa/XYY-1_L4_order.png,figure/taxa/XYY-1_L4_order.png,figure/taxa/XYY-1_L5_family.png,figure/taxa/XYY-1_L6_genus.png
YT-1,北京市海淀区・北京大学体育场,116.306019,39.993242,figure/taxa/YT-1_L2_phylum.png,figure/taxa/YT-1_L3_class.png,figure/taxa/YT-1_L4_order.png,figure/taxa/YT-1_L4_order.png,figure/taxa/YT-1_L5_family.png,figure/taxa/YT-1_L6_genus.png
